table,column,missing_rows,missing_pct
customers,customer_id,0,0.0
customers,customer_unique_id,0,0.0
customers,customer_zip_code_prefix,0,0.0
customers,customer_city,0,0.0
customers,customer_state,0,0.0
geolocation,geolocation_zip_code_prefix,0,0.0
geolocation,geolocation_lat,0,0.0
geolocation,geolocation_lng,0,0.0
geolocation,geolocation_city,0,0.0
geolocation,geolocation_state,0,0.0
items,order_id,0,0.0
items,order_item_id,0,0.0
items,product_id,0,0.0
items,seller_id,0,0.0
items,shipping_limit_date,0,0.0
items,price,0,0.0
items,freight_value,0,0.0
payments,order_id,0,0.0
payments,payment_sequential,0,0.0
payments,payment_type,0,0.0
payments,payment_installments,0,0.0
payments,payment_value,0,0.0
reviews,review_id,0,0.0
reviews,order_id,0,0.0
reviews,review_score,0,0.0
reviews,review_comment_title,87656,88.3415
reviews,review_comment_message,58247,58.7025
reviews,review_creation_date,0,0.0
reviews,review_answer_timestamp,0,0.0
orders,order_id,0,0.0
orders,customer_id,0,0.0
orders,order_status,0,0.0
orders,order_purchase_timestamp,0,0.0
orders,order_approved_at,160,0.1609
orders,order_delivered_carrier_date,1783,1.793
orders,order_delivered_customer_date,2965,2.9817
orders,order_estimated_delivery_date,0,0.0
products,product_id,0,0.0
products,product_category_name,610,1.8512
products,product_name_lenght,610,1.8512
products,product_description_lenght,610,1.8512
products,product_photos_qty,610,1.8512
products,product_weight_g,2,0.0061
products,product_length_cm,2,0.0061
products,product_height_cm,2,0.0061
products,product_width_cm,2,0.0061
sellers,seller_id,0,0.0
sellers,seller_zip_code_prefix,0,0.0
sellers,seller_city,0,0.0
sellers,seller_state,0,0.0
category_translation,product_category_name,0,0.0
category_translation,product_category_name_english,0,0.0
