order_month,order_status,orders
2016-09,canceled,2
2016-09,delivered,1
2016-09,shipped,1
2016-10,canceled,24
2016-10,delivered,265
2016-10,invoiced,18
2016-10,processing,2
2016-10,shipped,8
2016-10,unavailable,7
2016-12,delivered,1
2017-01,canceled,3
2017-01,delivered,750
2017-01,invoiced,12
2017-01,processing,9
2017-01,shipped,16
2017-01,unavailable,10
2017-02,approved,1
2017-02,canceled,17
2017-02,delivered,1653
2017-02,invoiced,11
2017-02,processing,32
2017-02,shipped,21
2017-02,unavailable,45
2017-03,canceled,33
2017-03,delivered,2546
2017-03,invoiced,3
2017-03,processing,23
2017-03,shipped,45
2017-03,unavailable,32
2017-04,approved,1
2017-04,canceled,18
2017-04,delivered,2303
2017-04,invoiced,14
2017-04,processing,10
2017-04,shipped,49
2017-04,unavailable,9
2017-05,canceled,29
2017-05,delivered,3546
2017-05,invoiced,16
2017-05,processing,23
2017-05,shipped,55
2017-05,unavailable,31
2017-06,canceled,16
2017-06,delivered,3135
2017-06,invoiced,11
2017-06,processing,12
2017-06,shipped,47
2017-06,unavailable,24
2017-07,canceled,28
2017-07,delivered,3872
2017-07,invoiced,7
2017-07,processing,11
2017-07,shipped,56
2017-07,unavailable,52
2017-08,canceled,27
2017-08,delivered,4193
2017-08,invoiced,20
2017-08,processing,18
2017-08,shipped,41
2017-08,unavailable,32
2017-09,canceled,20
2017-09,delivered,4150
2017-09,invoiced,17
2017-09,processing,22
2017-09,shipped,38
2017-09,unavailable,38
2017-10,canceled,26
2017-10,delivered,4478
2017-10,invoiced,16
2017-10,processing,20
2017-10,shipped,33
2017-10,unavailable,58
2017-11,canceled,37
2017-11,created,2
2017-11,delivered,7289
2017-11,invoiced,35
2017-11,processing,25
2017-11,shipped,72
2017-11,unavailable,84
2017-12,canceled,11
2017-12,created,2
2017-12,delivered,5513
2017-12,invoiced,13
2017-12,processing,35
2017-12,shipped,57
2017-12,unavailable,42
2018-01,canceled,34
2018-01,delivered,7069
2018-01,invoiced,15
2018-01,processing,29
2018-01,shipped,74
2018-01,unavailable,48
2018-02,canceled,73
2018-02,created,1
2018-02,delivered,6555
2018-02,invoiced,6
2018-02,processing,6
2018-02,shipped,57
2018-02,unavailable,30
2018-03,canceled,26
2018-03,delivered,7003
2018-03,invoiced,23
2018-03,processing,9
2018-03,shipped,133
2018-03,unavailable,17
2018-04,canceled,15
2018-04,delivered,6798
2018-04,invoiced,14
2018-04,processing,8
2018-04,shipped,99
2018-04,unavailable,5
2018-05,canceled,24
2018-05,delivered,6749
2018-05,invoiced,24
2018-05,processing,6
2018-05,shipped,54
2018-05,unavailable,16
2018-06,canceled,18
2018-06,delivered,6099
2018-06,invoiced,3
2018-06,shipped,43
2018-06,unavailable,4
2018-07,canceled,41
2018-07,delivered,6159
2018-07,invoiced,13
2018-07,processing,1
2018-07,shipped,60
2018-07,unavailable,18
2018-08,canceled,84
2018-08,delivered,6351
2018-08,invoiced,23
2018-08,shipped,47
2018-08,unavailable,7
2018-09,canceled,15
2018-09,shipped,1
2018-10,canceled,4
