product_category_name_english,pedidos,itens,valor_itens,frete,participacao_valor
health_beauty,7845,8587,1110166.49,161948.78,0.08994700775988286
watches_gifts,5104,5444,1093698.85,91029.72,0.08861278000556923
bed_bath_table,8712,10290,962064.68,187529.68,0.07794762318710342
sports_leisure,7081,7943,901980.22,154115.48,0.07307950886501793
computers_accessories,6138,7217,848002.95,135972.12,0.06870620633131662
furniture_decor,5917,7665,665068.62,156638.9,0.053884649611424126
cool_stuff,3436,3592,593363.11,78621.32,0.048074984013972734
housewares,5185,6167,555578.26,128711.64,0.04501361058325785
auto,3457,3762,532805.81,82653.32,0.04316855963341199
garden_tools,3323,4127,452820.7,92621.7,0.03668807100882282
toys,3631,3841,450256.23,72021.75,0.03648029460315056
baby,2599,2759,377784.1,61470.81,0.030608516542649705
perfumery,2857,3093,360475.81,48977.65,0.029206178326748142
telephony,3846,4151,273059.03,64381.84,0.022123566970856857
office_furniture,1224,1632,260094.56,65142.58,0.021073170211274632
