customer_state,pedidos,clientes,valor_itens,frete,participacao_valor
SP,37242,36004,4667853.42,644311.14,0.37819502891925316
RJ,11587,11185,1657663.3,277483.43,0.13430584966438056
MG,10619,10287,1452898.49,247485.92,0.11771556152298572
RS,5035,4871,683529.45,123281.5,0.05538036798720025
PR,4576,4436,625547.6,107110.48,0.05068260962495463
SC,3336,3249,472553.14,81869.42,0.03828681673731389
BA,3094,2998,472225.41,92495.8,0.0382602636634113
DF,1931,1872,275573.04,45918.49,0.022327255047388892
GO,1833,1776,263903.22,48048.36,0.02138175236869028
ES,1889,1825,251336.62,45975.57,0.020363591509128268
PE,1504,1464,238991.66,53288.28,0.019363388185647083
CE,1218,1198,208650.66,44019.159999999996,0.01690512432430264
PA,899,876,164454.21,35320.37,0.013324275445402253
MT,846,816,147524.58,27865.76,0.011952616712501798
MA,684,667,112160.82,29443.85,0.00908740286954151
MS,666,646,109878.54,17937.06,0.008902489832875967
PB,488,475,104867.29,23760.88,0.008496472405132573
PI,455,444,81587.77,19479.47,0.006610338041550452
AL,380,371,76552.45,14629.73,0.006202370433814882
RN,450,440,76140.6,17699.09,0.00616900185758817
SE,309,304,51730.7,12611.72,0.004191282763654821
TO,261,254,46476.54,10865.32,0.0037655844791644783
RO,235,223,42892.98,10836.39,0.00347524019113971
AM,141,136,21775.14,5297.83,0.0017642477089652884
AC,77,73,15484.28,3486.5299999999997,0.0012545547590039393
AP,65,64,13180.81,2703.6,0.0010679248833673062
RR,40,39,7017.77,1952.73,0.000568588061640262
