seller_id,pedidos,itens,participacao_valor,valor_itens
4869f7a5dfa277a7dca6462dcf3b52b2,1041,1062,0.017221744593767456,212558.53
53243585a1d6dc2643021fd1853d8905,298,324,0.01638106145645961,202182.44
4a3ca9315b744ce9f8e9374361493884,1723,1896,0.015552156369233287,191951.72
7c67e1448b00f6e969d365cea6b010ab,964,1343,0.015010818163711345,185270.28
fa1c13f2614d7b5c4749cbc52fecda94,546,547,0.014762250020579178,182202.34
7e93a43ef30c4f03f38b393420bc753a,318,321,0.01333466884338298,164582.49
da8622b14eb17ae2831f4ac5b9dab84a,1253,1486,0.012559733589824592,155017.89
7a67c85e85bb2ce8582c35f2203ad736,1128,1138,0.011201654008012148,138255.86
955fee9216a65b617aa5c0531780ce60,1197,1405,0.010114210310273646,124834.14
1025f0e2d44d7041d6cf58b6550e0bfa,807,1282,0.009837346327487678,121416.96
46dc3b2cc0980fb8ec44634e21d2718e,490,509,0.009701195082533403,119736.52
5dceca129747e92ff8ef7a997dc4f8ca,322,343,0.00900361966937086,111126.73
6560211a19b47992c3666cc44a7e94c0,1637,1795,0.00871251864345133,107533.83
1f50f920176fa81dab994f9023523100,1364,1881,0.00843512802294417,104110.15
7d13fca15225358621be4086e1eb0964,509,522,0.00832890843542691,102799.14
