order_month,pedidos,clientes,valor_itens,frete,ticket_medio_sem_frete
2017-01,750,718,111798.36,15684.01,149.06448
2017-02,1653,1630,234223.4,37015.92,141.69594676346037
2017-03,2546,2508,359198.85,55132.1,141.0836017282011
2017-04,2303,2274,340669.68,50142.72,147.9243074250977
2017-05,3546,3479,489338.25,77513.15,137.99725042301185
2017-06,3135,3076,421923.37,68127.0,134.58480701754385
2017-07,3872,3802,481604.52,84694.56,124.3813326446281
2017-08,4193,4114,554699.7,91132.66,132.29184354877174
2017-09,4150,4083,607399.67,93677.82,146.36136626506024
2017-10,4478,4417,648247.65,102869.36,144.76276239392587
2017-11,7289,7183,987765.37,165598.83,135.51452462614898
2017-12,5513,5450,726033.1900000001,117045.1,131.694756031199
2018-01,7069,6974,924645.0,153242.46,130.80280096194653
2018-02,6555,6400,826437.13,139731.28,126.0773653699466
2018-03,7003,6914,953356.25,167241.99,136.13540625446237
2018-04,6798,6744,973534.09,159344.84,143.2088982053545
2018-05,6749,6693,977544.6900000001,151229.83,144.84289376203884
2018-06,6099,6061,856077.86,155900.43,140.36364322020003
2018-07,6159,6100,867953.46,159853.82,140.9244130540672
